{
    "name": "robinMod",
    "version": "1.0.1",
    "styleFileList": [],
    "scriptFileList": [],
    "tweeFileList": [
        "game/robin-work/lemonade/lemonadeUpgrade.twee",
        "game/robin-work/danube-tutor/danubeTutor.twee",
        "game/robin-work/widgets.twee"
    ],
    "imgFileList": [],
    "additionFile": [
        "game/robin-work/lemonade/lemonadeUpgradeResult.txt",
        "game/robin-work/lemonade/lemonadeUpgrade.txt",
        "game/robin-work/danube-tutor/danubeTutorIntro.txt",
        "game/robin-work/danube-tutor/danubeTutorTalk.txt",
        "game/robin-work/danube-tutor/danubeTutorAfterWalkHome.txt",
        "game/robin-work/danube-tutor/danubeTutorAfterWalkHomeTopless1.txt",
        "game/robin-work/danube-tutor/danubeTutorAfterWalkHomeTopless2.txt",
        "game/robin-work/danube-tutor/danubeTutorWalkHome.txt"
    ],
    "addonPlugin": [{
            "modName": "TweeReplacer",
            "addonName": "TweeReplacerAddon",
            "modVersion": "1.0.0",
            "params": [{
                    "passage": "Robin's Lemonade",
                    "findString": "<<print $robin.timer.hurt",
                    "replaceFile": "game/robin-work/lemonade/lemonadeUpgradeResult.txt"
                },
                {
                    "passage": "Widgets Robin",
                    "findString": "<<lrtrauma>>\n\t\t<br>",
                    "replaceFile": "game/robin-work/lemonade/lemonadeUpgrade.txt"
                },
                {
                    "passage": "Danube Tutor",
                    "findString": "<</if>>\n<br><br>",
                    "replaceFile": "game/robin-work/danube-tutor/danubeTutorIntro.txt"
                },
                {
                    "passage": "Widgets Robin",
                    "findString": "<br>\n\t\t<<robinbully>>",
                    "replaceFile": "game/robin-work/danube-tutor/danubeTutorTalk.txt"
                },
                {
                    "passage": "Oxford Street",
                    "findString": "\t\t<<if $robindebtevent gte 1>>",
                    "replaceFile": "game/robin-work/danube-tutor/danubeTutorWalkHome.txt"
                },
                {
                    "passage": "Robin Walk Home",
                    "findString": "<<endevent>>",
                    "replaceFile": "game/robin-work/danube-tutor/danubeTutorAfterWalkHome.txt"
                },
                {
                    "passage": "Robin Walk Home Topless",
                    "findString": "\t<<link [[继续|Orphanage]]>><<endevent>><</link>>",
                    "replaceFile": "game/robin-work/danube-tutor/danubeTutorAfterWalkHomeTopless1.txt",
                    "all": true
                },
                {
                    "passage": "Robin Walk Home Topless",
                    "findString": "\t<<endevent>>\n\t<<link [[继续|Orphanage]]>><</link>>",
                    "replaceFile": "game/robin-work/danube-tutor/danubeTutorAfterWalkHomeTopless2.txt",
                    "all": true
                },
                {
                    "passage": "Robin Walk Home Refuse",
                    "findString": "<<endevent>>",
                    "replaceFile": "game/robin-work/danube-tutor/danubeTutorAfterWalkHome.txt"
                },
                {
                    "passage": "Robin Walk Home Towel",
                    "findString": "<<endevent>>",
                    "replaceFile": "game/robin-work/danube-tutor/danubeTutorAfterWalkHome.txt"
                }
            ]
        },
        {
            "modName": "ReplacePatcher",
            "addonName": "ReplacePatcherAddon",
            "modVersion": "1.0.0",
            "params": {
                "js": [{
                        "from": "V.robinmoney += 300 + V.robin.moneyModifier;",
                        "to": "V.robinmoney += 300 + V.robin.moneyModifier; \n fragment.append(wikifier(\"weeklymoneycheck\"));",
                        "fileName": "time.js",
                        "_comment1": "每周结束时，检查当前已有的工作并调widget函数加钱"
                    },
                    {
                        "from": "function dayPassed() {",
                        "to": "function dayPassed() { if (V.danubeTutorIntro && V.danubeTutorIntro == 2){ V.danubeTutorIntro = 3;}",
                        "fileName": "time.js",
                        "_comment1": "如果当前家教状态为阶段3，一天后变为阶段4"
                    }
                ]
            }
        }
    ],
    "dependenceInfo": [{
            "modName": "TweeReplacer",
            "version": "^1.0.0"
        },
        {
            "modName": "ReplacePatcher",
            "version": "^1.0.0"
        }
    ]
}